"part","n_rows","n_cols","analysis","disaggregations","loa_rows","result_rows","seconds_old","seconds_new","speedup","peak_mb_old","peak_mb_new","row_indicators_per_s_old","row_indicators_per_s_new","results_equivalent","old_status"
"A_full_loa",1000,353,"all types",5,154,3366,157.82,0.92,171.5,325.6,93.2,976,167391,TRUE,"ok"
"A_full_loa",5000,359,"all types",5,154,3234,152.41,1.05,145.2,253,91.5,5052,733333,TRUE,"ok"
"A_full_loa",20000,356,"all types",5,154,3086,211.76,1.97,107.5,366.2,178.9,14545,1563452,TRUE,"ok"
"A_full_loa",100000,353,"all types",5,154,3206,644.87,4.84,133.2,1176.5,530.7,23881,3181818,TRUE,"ok"
"B_per_function",20000,356,"prop_select_one",1,13,1116,56.6,0.33,171.5,357.6,84.7,4594,787879,TRUE,"ok"
"B_per_function",20000,356,"prop_select_multiple",1,4,486,16.03,0.11,145.7,300.8,68.3,4991,727273,TRUE,"ok"
"B_per_function",20000,356,"mean",1,6,108,6.71,0.28,24,366.1,40.5,17884,428571,TRUE,"ok"
"B_per_function",20000,356,"median",1,6,108,8.85,0.29,30.5,295.8,101,13559,413793,TRUE,"ok"
"B_per_function",20000,356,"ratio",1,2,36,2.26,0.05,45.2,303.8,37.2,17699,8e+05,TRUE,"ok"
"B_per_function",100000,353,"prop_select_one",1,13,1242,121.87,0.81,150.5,1143.5,362.6,10667,1604938,TRUE,"ok"
"B_per_function",100000,353,"prop_select_multiple",1,4,432,38.36,0.22,174.4,1145.2,216.2,10428,1818182,TRUE,"ok"
"B_per_function",100000,353,"mean",1,6,108,17.84,0.11,162.2,1143.4,122.6,33632,5454545,TRUE,"ok"
"B_per_function",100000,353,"median",1,6,108,28,0.4,70,1143.4,278.3,21429,1500000,TRUE,"ok"
"B_per_function",100000,353,"ratio",1,2,36,7,0.1,70,921,101,28571,2e+06,TRUE,"ok"
